offsetNano,x,y,z
-288512265,0.5530548,-4.2832336,9.042908
-283476864,0.5602417,-4.2904053,9.071625
-278441464,0.5530548,-4.304779,9.081207
-273406064,0.5458832,-4.3263245,9.105148
-268401181,0.56503296,-4.3813934,9.078812
-263365780,0.588974,-4.4172974,9.03093
-258330380,0.61291504,-4.4484253,9.004593
-253294980,0.63446045,-4.4843445,8.975861
-248259579,0.67037964,-4.498703,8.918396
-243224179,0.6823425,-4.491516,8.846573
-238188778,0.6967163,-4.42688,8.815445
-233122860,0.7374115,-4.359848,8.779541
-228087460,0.8140259,-4.292801,8.712494
-223052060,0.881073,-4.2401276,8.667007
-218016659,0.9505005,-4.2305603,8.669403
-212981259,1.0175323,-4.2401276,8.678986
-207945858,1.0941467,-4.2784424,8.671799
-202910458,1.1468201,-4.3143463,8.674194
-197844540,1.1899109,-4.352661,8.688553
-192809140,1.177948,-4.4053345,8.736435
-187773739,1.1324615,-4.4460297,8.7699585
-182738339,1.06781,-4.515457,8.817841
-177702939,1.0055695,-4.5729218,8.837006
-172667538,0.8954315,-4.6471405,8.916
-167601620,0.746994,-4.74292,9.083603
-162566220,0.5506592,-4.8530426,9.17218
-157530819,0.34954834,-4.9344482,9.174576
-152495419,0.15562439,-5.0110626,9.217682
-147460019,-0.0047912598,-5.027817,9.342178
-142394101,-0.07421875,-4.9559937,9.414001
-137358700,-0.07901001,-4.771637,9.442734
-132323300,-0.03831482,-4.515457,9.411606
-127287899,-0.0023956299,-4.2904053,9.342178
-122252499,0.02154541,-4.1276093,9.277527
-117186581,0.0143585205,-4.043808,9.229645
-112151181,-0.0023956299,-3.9767761,9.186554
-107115780,0.0071868896,-3.9528198,9.1410675
-102080380,0.04069519,-4.005493,9.112335
-97044980,0.09815979,-4.1252136,9.10994
-91979062,0.1484375,-4.316742,9.155426
-86943661,0.20829773,-4.5849,9.200912
-81908261,0.27053833,-4.8769836,9.260773
-76872860,0.37828064,-5.106827,9.291901
-71837460,0.4980011,-5.228943,9.31105
-66771542,0.5961609,-5.2911835,9.296692
-61736142,0.6823425,-5.331894,9.272751
-56700741,0.7398071,-5.355835,9.2248535
-51665341,0.7852936,-5.3462524,9.121902
-46629940,0.81881714,-5.300766,9.01178
-41564022,0.84036255,-5.2169647,8.896851
-36528622,0.86909485,-5.111618,8.810669
-31493222,0.89064026,-5.008667,8.743622
-26457821,0.8882446,-4.905716,8.643066
-21422421,0.8882446,-4.8195343,8.566452
-16356503,0.86909485,-4.7644653,8.542511
-11321103,0.86909485,-4.718979,8.540115
-6285702,0.8738861,-4.711792,8.530548
-1250302,0.9026184,-4.711792,8.523361
3785099,0.9433136,-4.7093964,8.523361
8851017,1.0031738,-4.728546,8.556885
13886417,1.0486603,-4.759674,8.595184
18921817,1.098938,-4.7692566,8.573639
23957218,1.1204834,-4.771637,8.497025
28992618,1.1587982,-4.7500916,8.465897
34058536,1.1923065,-4.723755,8.398865
39093936,1.2138672,-4.6854553,8.327026
44129337,1.2186432,-4.6591187,8.267181
49164737,1.2042847,-4.6543274,8.2599945
54200138,1.177948,-4.6423645,8.271973
59266056,1.1683655,-4.616028,8.312668
64301456,1.1276703,-4.5849,8.358154
69336856,1.0845795,-4.5394135,8.398865
74372257,1.0462646,-4.541794,8.482651
79407657,1.0462646,-4.5825043,8.549698
84473575,1.0390778,-4.639969,8.595184
89508976,1.0271149,-4.704605,8.633499
94544376,1.0414734,-4.7812195,8.6358795
99579776,1.0606384,-4.893753,8.659821
104615177,1.0726013,-4.9512024,8.707718
109681095,1.0965424,-5.020645,8.731659
114716495,1.1348572,-5.051773,8.743622
119751895,1.154007,-5.08049,8.736435
124787296,1.1659698,-5.0733185,8.69574
129822696,1.1611938,-5.0661316,8.662216
134888614,1.1659698,-5.0541534,8.633499
139924015,1.1994934,-5.020645,8.611938
144959415,1.2425842,-4.9823303,8.564056
149994815,1.2832947,-4.929657,8.540115
155030216,1.2928619,-4.910507,8.516174
160096134,1.2521667,-4.8961487,8.528152
165131534,1.1803436,-4.944031,8.587997
170166935,1.0726013,-4.996704,8.664612
175202335,0.9505005,-5.0924683,8.765167
180237735,0.8523407,-5.202606,8.882492
185303653,0.7852936,-5.300766,8.959106
190339054,0.74938965,-5.355835,9.026138
195374454,0.7374115,-5.398926,9.083603
200409854,0.7541809,-5.39653,9.095566
205445255,0.7757263,-5.3821716,9.085999
210511173,0.8092346,-5.398926,9.0620575
215546573,0.8307953,-5.3941345,9.01178
220581974,0.8379669,-5.4252625,8.985443
225617374,0.8355713,-5.4803314,8.887283
230683292,0.802063,-5.537796,8.786728
235718692,0.8044586,-5.6000366,8.781937
240754093,0.8355713,-5.609619,8.803482
245789493,0.8954315,-5.55455,8.817841
250824894,0.9505005,-5.4324493,8.7939
255890811,0.9720459,-5.288788,8.765167
260926212,0.9433136,-5.166687,8.729263
265961612,0.87628174,-5.056549,8.726868
270997013,0.8140259,-5.0302124,8.743622
276032413,0.7517853,-5.032608,8.767563
281098331,0.7374115,-5.104431,8.844177
286133731,0.746994,-5.221756,8.992615
291169132,0.7948761,-5.355835,9.09079
296204532,0.88345337,-5.458786,9.150635
301239933,0.95529175,-5.5210266,9.155426
306305851,0.99838257,-5.580887,9.15303
311341251,1.0103607,-5.635956,9.129089
316376651,0.99838257,-5.6503143,9.0620575
321412052,0.9935913,-5.65271,8.966293
326477970,1.0295105,-5.616791,8.85376
331513370,1.098938,-5.5832825,8.731659
336548770,1.1970978,-5.5521545,8.729263
341584171,1.2737122,-5.5210266,8.741226
346619571,1.371872,-5.4563904,8.760391
351685489,1.450882,-5.331894,8.731659
356720890,1.4460907,-5.197815,8.669403
361756290,1.3527222,-5.1212006,8.652649
366791690,1.1923065,-5.0852814,8.688553
371827091,1.0606384,-5.08049,8.719681
376893009,0.964859,-5.0733185,8.746017
381928409,0.9241638,-5.063736,8.789108
386963810,0.89782715,-5.063736,8.832214
391999210,0.8954315,-5.075714,8.894455
397034610,0.8954315,-5.0972595,8.9279785
402100528,0.8571167,-5.1331635,8.954315
407135929,0.8307953,-5.1379547,8.947128
412171329,0.7876892,-5.130768,8.906433
417206729,0.7661438,-5.1403503,8.87291
422272647,0.7661438,-5.1762695,8.882492
427308048,0.7948761,-5.233719,8.904037
432343448,0.8595123,-5.286392,8.918396
437378849,0.9289551,-5.4108887,8.935165
442414249,0.9864044,-5.5593414,8.975861
447480167,1.0079651,-5.7053833,9.040512
452515567,1.0151367,-5.8202972,9.102753
457550968,1.0031738,-5.875366,9.119522
462586368,0.9935913,-5.8945312,9.093185
467621769,0.9624634,-5.88974,9.057266
472687686,0.9313507,-5.853821,9.004593
477723087,0.8714905,-5.779602,8.956711
482758487,0.78289795,-5.7293243,8.944733
487793888,0.6895294,-5.724533,8.966293
492829288,0.57699585,-5.7173615,8.937561
497895206,0.4333496,-5.7604523,8.935165
502930606,0.2753296,-5.8490295,8.978256
507966007,0.14364624,-5.9280396,9.038116
513001407,0.07182312,-5.9519806,9.03093
518067325,0.0574646,-5.920868,9.014175
523102726,0.07421875,-5.8202972,8.971069
528138126,0.13168335,-5.669464,8.916
533173526,0.19392395,-5.5210266,8.825027
538208927,0.21308899,-5.4324493,8.779541
543274845,0.22265625,-5.4108887,8.757996
548310245,0.24420166,-5.4420166,8.645462
553345645,0.30885315,-5.501877,8.5520935
558381046,0.3615265,-5.6311646,8.566452
563416446,0.41419983,-5.736511,8.650253
568482364,0.49560547,-5.8155212,8.707718
573517765,0.5961609,-5.8442535,8.698135
578553165,0.70628357,-5.796356,8.710114
583588565,0.77093506,-5.736511,8.700531
588623966,0.81881714,-5.5952454,8.659821
593689884,0.8355713,-5.439621,8.564056
598725284,0.8643036,-5.2169647,8.497025
603760685,0.8571167,-4.9990997,8.42041
608796085,0.8738861,-4.82193,8.370132
613831485,0.885849,-4.687851,8.358154
618897403,0.8930359,-4.6303864,8.353363
623932804,0.9433136,-4.632782,8.367737
628968204,0.9720459,-4.7022095,8.410828
634003604,1.0055695,-4.7955933,8.456314
639039005,1.0031738,-4.8961487,8.53772
644104923,1.0223236,-4.9871216,8.6311035
649140323,1.0390778,-5.023041,8.643066
654175724,1.0606384,-5.0038757,8.647858
659211124,1.0510559,-4.9703674,8.614334
664246524,1.0390778,-4.9081116,8.530548
669312442,1.043869,-4.82193,8.432373
674347843,1.0965424,-4.7261505,8.367737
679383243,1.1659698,-4.618408,8.3414
684418644,1.2449799,-4.534622,8.3414
689454044,1.3383636,-4.4244843,8.3414
694519962,1.4293365,-4.335907,8.358154
699555362,1.498764,-4.299988,8.425201
704590763,1.5825653,-4.3861847,8.487442
709626163,1.6663666,-4.510681,8.525757
714661563,1.7525482,-4.6950226,8.607162
719727481,1.8100128,-4.874588,8.712494
724762882,1.8554993,-5.044586,8.822632
729798282,1.901001,-5.111618,8.844177
734833683,1.9081726,-5.1212006,8.810669
739869083,1.8986053,-5.0421906,8.762772
744935001,1.8531189,-4.9033203,8.741226
749970401,1.8148041,-4.718979,8.731659
755005802,1.7932587,-4.517853,8.736435
760041202,1.7573395,-4.32872,8.762772
765107120,1.7190399,-4.2089996,8.779541
770142520,1.687912,-4.1515503,8.772354
775177921,1.6807251,-4.177887,8.753204
780213321,1.6950989,-4.218582,8.748413
785248722,1.7094574,-4.304779,8.767563
790314640,1.7310028,-4.4101257,8.765167
795350040,1.8267822,-4.462799,8.813049
800385440,1.9225464,-4.4604034,8.817841
805420841,1.9680328,-4.4484253,8.789108
810456241,1.9967651,-4.42688,8.757996
815522159,2.027893,-4.364624,8.719681
820557560,2.0542297,-4.242523,8.647858
825592960,2.0470428,-4.153946,8.647858
830628360,2.0781708,-4.1611176,8.6909485
835663761,2.1356354,-4.232956,8.67659
840729679,2.2098541,-4.3430786,8.693344
845765079,2.2625275,-4.4532166,8.786728
850800479,2.2601318,-4.5513763,8.825027
855835880,2.2361908,-4.56575,8.825027
860871280,2.1811218,-4.5633545,8.777145
865937198,2.1236572,-4.5394135,8.729263
870972599,2.0733795,-4.4843445,8.683777
876007999,2.0207062,-4.443634,8.645462
881043399,1.9967651,-4.42688,8.647858
886078800,1.9728241,-4.419693,8.667007
891144718,1.9776154,-4.4053345,8.743622
896180118,2.0015564,-4.434067,8.803482
901215519,1.9824066,-4.450821,8.815445
906250919,1.960846,-4.498703,8.817841
911286319,1.9081726,-4.5250397,8.815445
916352237,1.8794556,-4.5561676,8.779541
921387638,1.8507233,-4.5753174,8.77475
926423038,1.8363495,-4.577713,8.808273
931458438,1.821991,-4.5633545,8.820236
936493839,1.8387451,-4.553772,8.817841
941559757,1.8650818,-4.522644,8.827423
946595157,1.8674774,-4.48674,8.844177
951630558,1.8339539,-4.4699707,8.839386
956665958,1.790863,-4.4891357,8.832214
961731876,1.7070618,-4.517853,8.808273
966767276,1.632843,-4.5489807,8.777145
971802677,1.5945435,-4.5801086,8.791504
976838077,1.5394745,-4.5825043,8.77475
981873478,1.5346832,-4.5489807,8.736435
986939395,1.5179291,-4.4723663,8.671799
991974796,1.5083466,-4.4149017,8.6311035
997010196,1.5274963,-4.340683,8.609543
1002045597,1.5227051,-4.266464,8.604767
1007080997,1.493988,-4.2281647,8.59758
1012146915,1.4389191,-4.2712555,8.542511
1017182315,1.3838501,-4.3670197,8.520966
1022217716,1.3287811,-4.48674,8.576035
1027253116,1.3000488,-4.5801086,8.681381
1032288517,1.2737122,-4.6830597,8.765167
1037354435,1.2497711,-4.7812195,8.837006
1042389835,1.201889,-4.874588,8.889679
1047425235,1.1468201,-4.9320526,8.889679
1052460636,1.0558472,-4.972763,8.803482
1057526554,0.93852234,-4.991913,8.712494
1062561954,0.79248047,-4.965576,8.590393
1067597354,0.64404297,-4.8722076,8.45871
1072632755,0.5482788,-4.697418,8.350983
1077668155,0.4980011,-4.481949,8.271973
1082703556,0.4620819,-4.26886,8.233658
1087769474,0.47883606,-4.027054,8.248032
1092804874,0.50038147,-3.8714294,8.315063
1097840274,0.55545044,-3.916916,8.358154
1102875675,0.6177063,-4.201828,8.408432
1107911075,0.7182617,-4.6782684,8.542511
1112976993,0.9289551,-5.207382,8.7699585
1118012394,1.2306213,-5.6622925,9.042908
1123047794,1.5466614,-5.9663544,9.31105
1128083194,1.7932587,-6.198593,9.502594
1133118595,1.9440918,-6.380554,9.536102
1138184513,1.9440918,-6.5409546,9.440338
1143219913,1.8507233,-6.648697,9.255981
1148255313,1.6974945,-6.7540436,8.987839
1153290714,1.5490417,-6.79953,8.678986
1158326114,1.4197693,-6.763626,8.429977
1163392032,1.3263855,-6.569687,8.248032
1168427433,1.233017,-6.327881,8.109161
1173462833,1.1348572,-6.033386,7.905655
1178498233,0.96965027,-5.6479187,7.8362274
1183533634,0.7589569,-5.207382,7.7332764
1188599552,0.5171509,-4.8769836,7.570465
1193634952,0.28730774,-4.747696,7.486664
1198670353,0.06703186,-4.833893,7.5848236
1203705753,-0.04548645,-5.125992,7.7979126
1208741153,-0.02154541,-5.5760956,8.116348
1213807071,0.15562439,-6.0788727,8.475479
1218842472,0.44293213,-6.5050507,8.815445
1223877872,0.8164215,-6.8210754,9.133881
1228913272,1.1348572,-6.952759,9.351746
1233979190,1.3551178,-6.9431915,9.399643
1239014591,1.395813,-6.87854,9.26796
1244049991,1.2689209,-6.703766,8.990234
1249085392,1.0127411,-6.4332275,8.643066
1254120792,0.73501587,-6.1411285,8.145081
1259186710,0.45729065,-5.9184723,7.5489197
1264222110,0.22265625,-5.798752,7.019806
1269257511,0.04788208,-5.7269287,6.739685
1274292911,-0.05986023,-5.695801,6.744461
1279328311,-0.09815979,-5.81073,6.909668
1284394229,-0.03112793,-5.949585,7.158661
1289429630,0.08140564,-6.1267548,7.558502
1294465030,0.22026062,-6.3230896,8.073242
1299500431,0.33518982,-6.5648956,8.542511
1304535831,0.4740448,-6.794739,8.935165
1309601749,0.6177063,-6.964737,9.222458
1314637149,0.7757263,-7.0221863,9.392456
1319672550,0.9169769,-6.9982452,9.5169525
1324707950,1.0486603,-6.9240265,9.538498
1329743351,1.1827393,-6.813904,9.449921
1334809269,1.3144226,-6.6582794,9.327805
1339844669,1.4676514,-6.387726,9.179367
1344880069,1.5897522,-6.011841,8.942337
1349915470,1.6472168,-5.645523,8.576035
1354950870,1.5945435,-5.2433014,8.178589
1360016788,1.4341278,-4.826706,7.8170624
1365052188,1.2162476,-4.395752,7.4531555
1370087589,1.0031738,-4.000717,7.122757
1375122989,0.79008484,-3.746933,6.8402405
1380188907,0.6081238,-3.6990356,6.6151733
1385224308,0.50038147,-3.8809967,6.5840607
1390259708,0.5027771,-4.2353363,6.739685
1395295108,0.6081238,-4.680664,7.048523
1400330509,0.83317566,-5.1642914,7.5441284
1405396427,1.1276703,-5.700592,8.1019745
1410431827,1.4676514,-6.2033844,8.702927
1415467228,1.8411407,-6.6822205,9.200912
1420502628,2.2194214,-7.0461426,9.543289
1425538028,2.5474243,-7.2161255,9.773132
1430603946,2.8227692,-7.2352753,9.8138275
1435639347,2.999939,-7.1562653,9.653427
1440674747,3.0980988,-6.952759,9.366119
1445710147,3.0669708,-6.6103973,9.054871
1450745548,2.9903564,-6.1219788,8.678986
1455811466,2.8874054,-5.578491,8.252808
1460846866,2.7772675,-4.9990997,7.862564
1465882267,2.652771,-4.4172974,7.5561066
1470917667,2.537857,-3.940857,7.2568207
1475983585,2.4492645,-3.6655273,6.9910736
1481018985,2.4253235,-3.5673676,6.87854
1486054386,2.47081,-3.6655273,7.019806
1491089786,2.6360168,-3.8762054,7.3741455
1496125186,2.8682556,-4.1683044,7.8481903
1501191104,3.1723175,-4.4771576,8.28154
1506226505,3.5003204,-4.673477,8.671799
1511261905,3.8283234,-4.7405243,8.944733
1516297306,4.0892944,-4.8410797,8.944733
1521332706,4.316742,-5.1954193,8.523361
1526398624,4.462799,-5.6383514,8.269577
1531434024,4.5202484,-6.1028137,8.43956
1536469425,4.577713,-6.4284363,8.702927
1541504825,4.675873,-6.8043213,8.652649
1546570743,4.723755,-7.1203613,8.892059
1551606144,4.7572784,-7.127533,9.253586
1556641544,4.7261505,-6.9790955,9.416397
1561676944,4.5729218,-6.8522034,9.449921
1566712345,4.3430786,-6.5648956,9.411606
1571778263,4.11084,-6.114792,9.363724
1576813663,3.9264984,-5.5162354,9.165009
1581849063,3.7493134,-4.9823303,8.762772
1586884464,3.5601807,-4.5274353,8.267181
1591950382,3.2776642,-4.1850586,7.874527
1596985782,2.913742,-4.0174713,7.5968018
1602021183,2.6384125,-4.0342255,7.2520447
1607056583,2.47081,-4.09169,6.921631
1612091983,2.3439178,-4.1850586,6.895294
1617157901,2.2002716,-4.3981476,6.9719086
1622193302,2.1260529,-4.7620697,7.05571
1627228702,2.106903,-5.149933,7.151474
1632264103,2.1140747,-5.434845,7.1849976
1637299503,2.1021118,-5.6072235,7.2640076
1642365421,2.0494385,-5.6503143,7.2831573
1647400821,1.9632416,-5.6024323,7.2640076
1652436222,1.8387451,-5.398926,7.2807617
1657471622,1.711853,-5.102051,7.328659
1662537540,1.6208801,-4.776428,7.316681
1667572940,1.5969391,-4.4939117,7.4723053
1672608341,1.6448212,-4.1515503,7.625534
1677643741,1.7214355,-3.8714294,7.656662
1682679142,1.7501678,-3.7565002,7.9272003
1687745060,1.7980499,-3.7660828,8.530548
1692780460,1.9129639,-3.7732544,8.868118
1697815860,2.1092987,-3.6798859,8.777145
1702851261,2.2840729,-3.541031,8.501816
1707886661,2.2984314,-3.4955292,8.1809845
1712952579,2.2744904,-3.557785,7.9200134
1717987979,2.2912445,-3.7014313,7.740448
1723023380,2.367859,-3.9456482,7.6901703
1728058780,2.434906,-4.232956,7.7931213
1733094181,2.4732056,-4.450821,8.106766
1738160099,2.54982,-4.608841,8.664612
1743195499,2.7174225,-4.826706,9.3302
1748230899,3.0454254,-5.0589447,9.88327
1753266300,3.344696,-5.178665,10.426743
1758301700,3.5505981,-5.288788,11.123459
1763367618,3.691864,-5.659897,11.9758
1768403019,3.9863434,-6.1530914,12.82814
1773438419,4.3933563,-6.5074463,13.474564
1778473819,4.7812195,-6.679825,13.680466
1783509220,5.0302124,-6.9790955,12.852081
1788575138,4.989517,-7.5991974,15.373169
1793610538,4.783615,-7.13472,11.856094
1798645938,3.9719849,-6.6941833,6.14592
1803681339,2.9664154,-6.3470306,6.1914062
1808716739,2.0183105,-6.3470306,8.410828
1813782657,2.8275452,-6.380554,10.103531
1818818058,4.285614,-5.55455,12.660538
1823853458,5.6263733,-4.929657,13.400345
1828888858,5.8873444,-5.245697,12.155365
1833924259,5.319916,-5.525818,10.558426
1838990177,4.371811,-5.4180756,9.713272
1844025577,3.5051117,-4.888962,9.564835
1849060978,3.1124573,-4.079727,9.641449
1854096378,3.0980988,-3.0980988,9.672577
1859131778,3.1747131,-2.2385712,9.411606
1864197696,3.2393494,-1.8243866,9.023743
1869233097,3.3423004,-1.4197693,8.767563
1874268497,3.4979248,-0.5386963,8.686157
1879303897,3.6415863,0.37828064,8.6358795
1884369815,3.799591,0.7254486,8.348587
1889405216,3.909729,0.5315094,8.133102
1894440616,3.8570557,0.21786499,8.453934
1899476017,3.6200256,-0.4189911,8.45871
1904511417,3.2992096,-1.742981,7.589615
1909577335,2.9233246,-3.4931335,6.430832
1914612735,2.616867,-5.1092224,5.65271
1919648136,2.379837,-6.3829346,5.499481
1924683536,2.3056183,-7.244858,5.676651
1929718936,2.442093,-7.7093353,5.8059387
1934784854,2.6695404,-7.898468,5.6479187
1939820255,2.9233246,-7.759613,5.142746
1944855655,3.1411896,-7.3262634,4.5034943
1949891056,3.2872314,-6.921631,4.3071747
1954926456,3.4524384,-6.143524,4.850647
1959992374,3.727768,-4.893753,5.736511
1965027774,3.964798,-3.806778,6.193802
1970063175,3.873825,-3.4979248,6.179428
1975098575,3.4524384,-3.916916,6.06691
1980164493,2.975998,-4.7955933,6.1818237
1985199894,2.6384125,-5.683838,6.679825
1990235294,2.4875793,-6.490677,7.321472
1995270694,2.4756012,-7.2520447,7.970291
2000306095,2.4756012,-7.8362274,8.602371
2005372013,2.4923706,-8.16423,9.17218
2010407413,2.4732056,-8.271973,9.598358
2015442813,2.4516602,-8.1809845,9.861725
2020478214,2.363083,-8.011002,10.053253
2025513614,2.2050629,-7.8457947,10.053253
2030579532,1.9440918,-7.8649597,9.785095
2035614933,1.6400299,-7.996628,9.562439
2040650333,1.3575134,-7.9990234,9.600754
2045685733,1.1707611,-7.922409,9.72525
2050721134,1.1061249,-7.7931213,9.713272
2055787052,1.1252747,-7.6303253,9.737213
2060822452,1.1587982,-7.4938507,9.933548
2065857853,1.2402039,-7.364563,10.292679
2070893253,1.4269409,-7.2400665,10.606308
2075928653,1.6807251,-7.1443024,10.678146
2080964054,1.8602905,-6.914459,10.71405
2086029972,1.8842316,-6.703766,10.716446
2091065372,1.8339539,-6.5960236,10.594345
2096100772,1.6998901,-6.5409546,10.357315
2101136173,1.5274963,-6.4930725,10.165787
2106171573,1.3551178,-6.356613,10.043671
2111237491,1.2282257,-6.107605,9.888046
2116272892,1.1587982,-5.798752,9.758774
2121308292,1.1324615,-5.506668,9.536102
2126343692,1.0845795,-5.2313385,9.3302
2131379093,0.97683716,-5.0541534,9.17218
2136445011,0.8451538,-5.08049,8.985443
2141480411,0.72065735,-5.3342743,8.671799
2146515811,0.5817871,-5.714966,8.334213
2151551212,0.4620819,-6.169861,8.212112
2156586612,0.42855835,-6.4523773,8.492233
2161652530,0.53630066,-6.54335,9.018951
2166687931,0.8738861,-6.4451904,9.557648
2171723331,1.3191986,-6.1961975,9.849747
2176758731,1.6424255,-5.944809,9.979034
2181794132,1.7717133,-5.81073,10.055649
2186860050,1.6927032,-5.774811,10.058044
2191895450,1.5251007,-5.664688,9.990997
2196930851,1.359909,-5.41568,9.840164
2201966251,1.2641449,-5.1523285,9.615112
2207001651,1.1635895,-4.917694,9.42598
2212037052,1.0295105,-4.7070007,9.325409
2217102970,0.89782715,-4.541794,9.337387
2222138370,0.79008484,-4.400543,9.430756
2227173770,0.69911194,-4.2640686,9.591171
2232209171,0.6392517,-4.2880096,9.682159
2237244571,0.5386963,-4.515457,9.574417
2242310489,0.4405365,-4.8985443,9.25119
2247345890,0.3040619,-5.262451,9.052475
2252381290,0.20829773,-5.49469,9.107544
2257416690,0.17477417,-5.5641174,9.272751
2262452091,0.2633667,-5.4085083,9.394852
2267518009,0.35673523,-5.1762695,9.454697
2272553409,0.4237671,-4.9272614,9.385269
2277588810,0.38786316,-4.6279907,9.303864
2282624210,0.25138855,-4.323929,9.291901
2287659610,0.10774231,-3.9863434,9.284714
2292695011,-0.0071868896,-3.6104584,9.258377
2297760929,-0.10055542,-3.2369537,9.241623
2302796329,-0.18435669,-2.975998,9.229645
2307831729,-0.2633667,-2.8730469,9.241623
2312867130,-0.3327942,-2.9400787,9.301468
2317902530,-0.3902588,-3.1411896,9.39006
2322968448,-0.3902588,-3.3614655,9.531311
2328003849,-0.36631775,-3.6008759,9.600754
2333039249,-0.37348938,-3.8833923,9.478638
2338074649,-0.4189911,-4.2233734,9.25119
2343110050,-0.533905,-4.5394135,9.107544
2348175968,-0.6392517,-4.7165833,8.992615
2353211368,-0.69192505,-4.7141876,8.889679
2358246769,-0.6823425,-4.5489807,8.904037
2363282169,-0.6392517,-4.3095703,9.040512
2368317569,-0.50756836,-4.0462036,9.186554
2373352970,-0.34477234,-3.7253723,9.241623
2378418888,-0.21786499,-3.423706,9.215286
2383454288,-0.16758728,-3.1747131,9.150635
2388489688,-0.21308899,-2.9736023,9.076416
2393525089,-0.31124878,-2.8155823,8.971069
2398560489,-0.43095398,-2.683899,8.930374
2403626407,-0.52194214,-2.6072845,8.832214
2408661808,-0.5602417,-2.652771,8.724472
2413697208,-0.5674286,-2.7988281,8.765167
2418732608,-0.52194214,-3.0047302,8.801086
2423798526,-0.48841858,-3.2130127,8.851364
2428833927,-0.43574524,-3.4955292,8.923187
2433869327,-0.36392212,-3.727768,8.968674
2438904728,-0.27772522,-3.8642426,9.014175
2443940128,-0.2346344,-3.885788,9.033325
2449006046,-0.22984314,-3.7972107,9.01178
2454041446,-0.24899292,-3.5984802,8.966293
2459076847,-0.27293396,-3.3662415,8.899246
2464112247,-0.31124878,-3.1052856,8.829819
2469147647,-0.36392212,-2.8706512,8.762772
2474213565,-0.4333496,-2.695877,8.67659
2479248966,-0.4980011,-2.5905304,8.573639
2484284366,-0.57221985,-2.5522156,8.556885
2489319767,-0.61531067,-2.525879,8.604767
2494355167,-0.64164734,-2.5354614,8.741226
2499421085,-0.6033325,-2.5665894,8.908829
2504456485,-0.52194214,-2.568985,9.023743
2509491886,-0.43814087,-2.5881348,9.07402
2514527286,-0.3830719,-2.62883,9.117126
2519562686,-0.36392212,-2.5881348,9.205704
2524628604,-0.30885315,-2.4492645,9.18895
2529664005,-0.24659729,-2.2984314,9.093185
2534699405,-0.2059021,-2.1547852,9.006989
2539734806,-0.21308899,-2.0207062,8.956711
2544800724,-0.22744751,-1.8794556,8.85376
2549836124,-0.23942566,-1.7717133,8.717285
2554871524,-0.24659729,-1.7214355,8.5520935
2559906925,-0.24420166,-1.6807251,8.432373
2564942325,-0.24659729,-1.6304474,8.3797
2570008243,-0.23223877,-1.6376343,8.346191
2575043644,-0.19154358,-1.7836761,8.307877
2580079044,-0.16758728,-1.9943695,8.329422
2585114444,-0.1484375,-2.2361908,8.477875
2590149845,-0.12689209,-2.4684296,8.707718
2595215763,-0.05986023,-2.6695404,9.021347
2600251163,0.05506897,-2.7700958,9.318237
2605286563,0.19871521,-2.7605133,9.574417
2610321964,0.31604004,-2.7150269,9.777924
2615357364,0.39265442,-2.6455994,9.919174
2620423282,0.41659546,-2.5881348,9.943115
2625458683,0.4189911,-2.604889,9.835388
2630494083,0.4189911,-2.6024933,9.6510315
2635529483,0.40701294,-2.54982,9.552872
2640564884,0.40701294,-2.4301147,9.473862
2645630802,0.40701294,-2.3295593,9.263168
2650666202,0.2849121,-2.331955,9.042908
2655701603,0.04309082,-2.489975,8.813049
2660737003,-0.27772522,-2.7653046,8.643066
2665772403,-0.5961609,-3.059784,8.614334
2670838321,-0.8882446,-3.2513275,8.702927
2675873722,-1.0582428,-3.289627,8.798691
2680909122,-1.043869,-3.150772,8.839386
2685944522,-0.9002228,-2.9592285,8.779541
2691010440,-0.6368561,-2.7533264,8.741226
2696045841,-0.31843567,-2.5402527,8.757996
2701081241,0.02154541,-2.3032227,8.820236
2706116642,0.3543396,-1.9967651,8.791504
2711152042,0.6201019,-1.6759338,8.688553
2716217960,0.84036255,-1.450882,8.585602
2721253360,0.99838257,-1.312027,8.528152
2726288761,1.1085205,-1.2689209,8.559265
2731324161,1.2162476,-1.2186432,8.645462
2736359561,1.3407593,-1.0103607,8.604767
2741425479,1.5059509,-0.6248932,8.3940735
2746460880,1.687912,-0.27772522,8.097183
2751496280,1.901001,-0.11013794,7.8362274
2756531681,2.1092987,-0.16998291,7.656662
2761567081,2.355896,-0.4046173,7.565674
2766632999,2.659958,-0.70628357,7.407654
2771668399,2.9664154,-0.99838257,7.1849976
2776703800,3.265686,-1.3024445,7.000641
2781739200,3.509903,-1.5849609,7.0389557
2786805118,3.6894684,-1.8100128,7.3358307
2791840519,3.8953705,-1.95607,7.814682
2796875919,4.1371765,-1.9752197,8.310272
2801911319,4.388565,-1.8962097,8.674194
2806946720,4.639969,-1.7693176,8.896851
2812012638,4.8243103,-1.6065063,9.057266
2817048038,4.953598,-1.4604645,9.2200775
2822083438,5.027817,-1.3215942,9.373306
2827118839,5.0852814,-1.2162476,9.466675
2832154239,5.1283875,-1.1061249,9.481033
2837220157,5.102051,-1.0223236,9.471466
2842255558,5.075714,-0.96965027,9.392456
2847290958,5.027817,-0.89064026,9.370911
2852326358,5.008667,-0.8092346,9.397247
2857361759,5.0254364,-0.6751709,9.418793
2862427677,5.068527,-0.53630066,9.361328
2867463077,5.1140137,-0.4189911,9.222458
2872498478,5.0972595,-0.33758545,9.004593
2877533878,5.0613403,-0.28251648,8.786728
2882569278,4.9943085,-0.24659729,8.686157
2887635196,4.9320526,-0.14125061,8.753204
2892670597,4.917694,-0.0023956299,8.877701
2897705997,4.9272614,0.16041565,8.99501
2902741397,4.9703674,0.38067627,9.050079
2907776798,5.0254364,0.6296692,9.023743
2912842716,5.087677,0.92655945,8.999802
2917878116,5.1379547,1.201889,8.947128
2922913517,5.1954193,1.3431396,8.858551
2927948917,5.25766,1.3048401,8.757996
2932984317,5.286392,1.0486603,8.726868
2938050235,5.264847,0.57699585,8.841782
2943085636,5.2504883,-0.0071868896,8.997406
2948121036,5.2744293,-0.60095215,9.167404
2953156436,5.3223114,-1.0726013,9.334991
2958191837,5.3869476,-1.359909,9.502594
2963257755,5.4324493,-1.5346832,9.605545
2968293155,5.4563904,-1.7070618,9.612717
2973328556,5.422867,-1.9153595,9.62709
2978363956,5.3941345,-2.0997162,9.624695
2983399356,5.372589,-2.221817,9.622299
2988465274,5.3869476,-2.252945,9.605545
2993500675,5.4085083,-2.2122498,9.605545
2998536075,5.451599,-2.1332397,9.641449
3003571476,5.4659576,-2.0135193,9.636658
3008606876,5.4611816,-1.8962097,9.593567
3013642276,5.4132843,-1.7932587,9.521744
3018708194,5.343857,-1.766922,9.454697
3023743595,5.269638,-1.790863,9.447525
3028778995,5.202606,-1.869873,9.457092
3033814395,5.154724,-1.9632416,9.421188
3038849796,5.118805,-2.0757751,9.308655
3043915714,5.0661316,-2.1571808,9.26796
3048951114,5.020645,-2.1595764,9.349365
3053986515,4.9823303,-2.0614014,9.447525
3059021915,4.977539,-1.901001,9.528931
3064057315,4.941635,-1.6927032,9.497803
3069123233,4.881775,-1.4724274,9.356537
3074158634,4.790802,-1.2856903,9.18895
3079194034,4.668701,-1.1468201,9.157822
3084229435,4.6112366,-1.0845795,9.143463
3089264835,4.632782,-1.0390778,9.15303
3094330753,4.730942,-1.0175323,9.181763
3099366153,4.857834,-1.0390778,9.222458
3104401554,4.960785,-1.1300659,9.2200775
3109436954,5.020645,-1.2138672,9.227249
3114472354,5.068527,-1.3239899,9.244019
3119507755,5.0852814,-1.4484863,9.229645
3124573673,5.0589447,-1.5274963,9.236832
3129609073,5.008667,-1.5849609,9.229645
3134644474,4.953598,-1.6065063,9.200912
3139679874,4.910507,-1.5634155,9.160217
3144715274,4.888962,-1.450882,9.069229
3149781192,4.8674164,-1.3263855,8.999802
3154816593,4.857834,-1.2928619,8.95192
3159851993,4.850647,-1.3431396,8.93277
3164887394,4.7931976,-1.4437103,8.856155
3169922794,4.718979,-1.5969391,8.832214
3174958194,4.66391,-1.7525482,8.870514
3180024112,4.6615143,-1.8315582,8.990234
3185059513,4.6830597,-1.8578949,9.107544
3190094913,4.74292,-1.8914185,9.210495
3195130313,4.8195343,-1.9297333,9.291901
3200165714,4.8841705,-1.9105682,9.354141
3205231632,4.9392395,-1.8291626,9.351746
3210267032,4.9751587,-1.7333984,9.313446
3215302433,4.944031,-1.6400299,9.255981
3220337833,4.9033203,-1.5873566,9.196136
3225373233,4.8602295,-1.5586243,9.133881
3230439151,4.8123474,-1.5418701,9.069229
3235474552,4.771637,-1.5562286,9.006989
3240509952,4.7405243,-1.5753784,8.978256
3245545353,4.7261505,-1.5921478,8.95192
3250580753,4.718979,-1.6041107,8.91362
3255646671,4.7213593,-1.6424255,8.93277
3260682071,4.718979,-1.6807251,8.93277
3265717472,4.6950226,-1.6855164,8.906433
3270752872,4.6351776,-1.7142487,8.892059
3275788272,4.5394135,-1.7262268,8.904037
3280823673,4.467575,-1.687912,8.93277
3285889591,4.419693,-1.6759338,8.997406
3290924991,4.4172974,-1.6400299,9.047684
3295960392,4.431671,-1.5993195,9.054871
3300995792,4.462799,-1.5945435,9.078812
3306031192,4.479553,-1.6208801,9.138672
3311097110,4.5010986,-1.7166443,9.17218
3316132511,4.537018,-1.7836761,9.198517
3321167911,4.56575,-1.8363495,9.212891
3326203311,4.5801086,-1.8722687,9.196136
3331238712,4.5849,-1.9153595,9.1698
3336304630,4.5872955,-1.924942,9.081207
3341340030,4.5561676,-1.9225464,9.009384
3346375431,4.5034943,-1.9201508,8.968674
3351410831,4.458008,-1.9321136,8.923187
3356446231,4.4125214,-1.9440918,8.889679
3361481632,4.3813934,-1.9393005,8.894455
3366547550,4.355057,-1.924942,8.93277
3371582950,4.3502655,-1.8938141,9.033325
3376618351,4.335907,-1.8650818,9.069229
3381653751,4.3454742,-1.8387451,9.093185
3386689151,4.352661,-1.8411407,9.093185
3391755069,4.340683,-1.8578949,9.088394
3396790470,4.3023834,-1.8770599,9.114731
3401825870,4.280838,-1.8962097,9.205704
3406861270,4.273651,-1.9536743,9.265564
3411896671,4.32872,-1.984787,9.258377
3416932071,4.378998,-1.9656372,9.253586
3421997989,4.4172974,-1.960846,9.313446
3427033390,4.4699707,-1.9033966,9.327805
3432068790,4.5010986,-1.8531189,9.287109
3437104190,4.513077,-1.766922,9.248795
3442139591,4.498703,-1.6735535,9.210495
3447205509,4.4699707,-1.5634155,9.129089
3452240909,4.438843,-1.4604645,9.057266
3457276310,4.4220886,-1.3694763,8.975861
3462311710,4.383789,-1.3215942,8.896851
3467347110,4.3670197,-1.3239899,8.85376
3472382511,4.3263245,-1.3742676,8.846573
3477448429,4.292801,-1.4772186,8.894455
3482483829,4.280838,-1.5610199,8.987839
3487519229,4.2712555,-1.6591797,9.076416
3492554630,4.285614,-1.7333984,9.1458435
3497590030,4.3023834,-1.766922,9.208099
3502655948,4.323929,-1.7788849,9.25119
3507691349,4.3694153,-1.7980499,9.244019
3512726749,4.4292755,-1.790863,9.248795
3517762149,4.4699707,-1.7717133,9.217682
3522797550,4.4891357,-1.7286072,9.205704
3527832950,4.50589,-1.7214355,9.1458435
3532898868,4.5082855,-1.7333984,9.100357
3537934269,4.5082855,-1.7549438,9.07402
3542969669,4.510681,-1.7645264,9.076416
3548005069,4.50589,-1.7932587,9.071625
3553040470,4.4771576,-1.8315582,9.052475
3558106388,4.400543,-1.845932,9.004593
3563141788,4.297592,-1.8866272,9.026138
3568177188,4.2089996,-1.869873,9.069229
3573212589,4.1491547,-1.821991,9.112335
3578247989,4.098877,-1.7812805,9.165009
3583283390,4.084503,-1.7070618,9.196136
3588349308,4.086899,-1.632843,9.196136
3593384708,4.0964813,-1.572998,9.191345
3598420108,4.1276093,-1.5466614,9.212891
3603455509,4.141968,-1.5370789,9.239227
3608490909,4.163513,-1.5394745,9.26796
3613556827,4.18985,-1.5849609,9.241623
3618592228,4.2281647,-1.656784,9.203308
3623627628,4.256897,-1.7238312,9.162613
3628663028,4.2880096,-1.8195953,9.15303
3633698429,4.3191376,-1.9177551,9.160217
3638764347,4.3622284,-1.9943695,9.160217
3643799747,4.434067,-2.0326843,9.155426
3648835147,4.474762,-2.0111237,9.148239
3653870548,4.481949,-1.9416962,9.150635
3658905948,4.4651794,-1.8291626,9.112335
3663971866,4.4220886,-1.7022705,9.03093
3669007267,4.395752,-1.6280518,8.963898
3674042667,4.352661,-1.5514374,8.956711
3679078067,4.323929,-1.5059509,8.966293
3684113468,4.297592,-1.5203247,8.975861
3689179386,4.297592,-1.5658112,8.980652
3694214786,4.3071747,-1.5945435,9.016571
3699250186,4.3143463,-1.6304474,9.057266
3704285587,4.3311157,-1.6687622,9.085999
3709320987,4.335907,-1.687912,9.10994
3714386905,4.3263245,-1.6855164,9.10994
3719422306,4.3382874,-1.6663666,9.143463
3724457706,4.364624,-1.6376343,9.124298
3729493106,4.388565,-1.6400299,9.071625
3734528507,4.371811,-1.6376343,9.002197
3739563907,4.352661,-1.6591797,8.949524
3744629825,4.3095703,-1.711853,8.944733
3749665226,4.261673,-1.7549438,8.959106
3754700626,4.2233734,-1.8124084,8.990234
3759736026,4.1994324,-1.8243866,8.99501
3764771427,4.1970367,-1.8171997,8.980652
3769837345,4.2066193,-1.7860718,8.959106
3774872745,4.2305603,-1.7573395,8.956711
3779908145,4.244919,-1.7190399,8.959106
3784943546,4.232956,-1.7022705,8.95192
3789978946,4.2161865,-1.6831207,8.975861
3795044864,4.220978,-1.6807251,9.045288
3800080265,4.225769,-1.6424255,9.112335
3805115665,4.24971,-1.6304474,9.131485
3810151065,4.280838,-1.6041107,9.131485
3815186466,4.280838,-1.6184845,9.155426
3820221866,4.2760468,-1.6519928,9.167404
3825287784,4.2784424,-1.6998901,9.17218
3830323185,4.2904053,-1.7214355,9.186554
3835358585,4.3263245,-1.711853,9.191345
3840393985,4.3622284,-1.7046661,9.162613
3845429386,4.388565,-1.6663666,9.124298
3850464786,4.364624,-1.656784,9.088394
3855530704,4.32872,-1.6519928,9.069229
3860566104,4.2951965,-1.6448212,9.038116
3865601505,4.266464,-1.6184845,9.01178
3870636905,4.2640686,-1.5897522,8.997406
3875672306,4.273651,-1.529892,8.99501
3880738224,4.297592,-1.493988,8.990234
3885773624,4.2904053,-1.5083466,8.975861
3890809024,4.292801,-1.5227051,8.999802
3895844425,4.2832336,-1.5490417,9.066849
3900879825,4.273651,-1.5945435,9.1410675
3905945743,4.2904053,-1.6304474,9.184158
3910981144,4.304779,-1.6950989,9.205704
3916016544,4.3095703,-1.7621307,9.26796
3921051944,4.32872,-1.8363495,9.303864
3926087345,4.335907,-1.8554993,9.289505
3931153263,4.3502655,-1.7956543,9.236832
3936188663,4.340683,-1.7166443,9.193741
3941224063,4.3119507,-1.6280518,9.119522
3946259464,4.299988,-1.553833,9.059662
3951294864,4.2640686,-1.5011597,9.006989
3956360782,4.242523,-1.4844055,8.99501
3961396183,4.244919,-1.5059509,9.042908
3966431583,4.261673,-1.5203247,9.095566
3971466983,4.2951965,-1.5322876,9.114731
3976502384,4.316742,-1.553833,9.124298
3981568302,4.323929,-1.5801697,9.148239
3986603702,4.321533,-1.6041107,9.1698
3991639103,4.3119507,-1.5993195,9.184158
3996674503,4.323929,-1.5682068,9.1698
4001709903,4.3191376,-1.5394745,9.133881
4006775821,4.32872,-1.5131378,9.095566
4011811222,4.323929,-1.4963837,9.057266
4016846622,4.3311157,-1.4868011,9.016571
4021882022,4.3263245,-1.5059509,9.006989
4026917423,4.321533,-1.572998,8.954315
4031952823,4.323929,-1.6448212,8.918396
4037018741,4.304779,-1.7166443,8.949524
4042054142,4.2832336,-1.7860718,9.047684
4047089542,4.266464,-1.8195953,9.126694
4052124942,4.266464,-1.8315582,9.129089
4057160343,4.273651,-1.8195953,9.085999
4062226261,4.256897,-1.742981,9.064453
4067261661,4.24971,-1.6735535,9.018951
4072297061,4.2521057,-1.5993195,8.9830475
4077332462,4.24971,-1.5346832,9.002197
4082367862,4.2473145,-1.4820099,9.057266
4087433780,4.2521057,-1.4796143,9.105148
4092469181,4.285614,-1.4772186,9.15303
4097504581,4.316742,-1.4915924,9.200912
4102539981,4.3502655,-1.5203247,9.227249
4107575382,4.359848,-1.5658112,9.2248535
4112610782,4.3454742,-1.6280518,9.239227
4117676700,4.3143463,-1.711853,9.236832
4122712101,4.2951965,-1.7525482,9.234436
4127747501,4.280838,-1.7693176,9.265564
4132782901,4.2712555,-1.7645264,9.275131
4137818302,4.2832336,-1.7405853,9.210495
4142853702,4.242523,-1.7381897,9.150635
4147919620,4.182678,-1.7597351,9.1458435
4152955020,4.1204224,-1.7621307,9.045288
4157990421,4.0222626,-1.8124084,8.882492
4163025821,3.9288788,-1.9153595,8.671799
4168061222,3.861847,-2.0326843,8.6311035
4173127140,3.861847,-2.0015564,8.781937
4178162540,3.9671936,-1.8195953,9.026138
4183197940,4.1252136,-1.5514374,9.277527
4188233341,4.26886,-1.3239899,9.526535
4193268741,4.34787,-1.1659698,9.7061
4198304142,4.400543,-1.0893555,9.777924
4203370060,4.4101257,-1.0821838,9.789886
4208405460,4.3861847,-1.1300659,9.797073
4213440860,4.378998,-1.2042847,9.8090515
4218476261,4.383789,-1.2952576,9.789886
4223511661,4.378998,-1.4365234,9.794678
4228577579,4.402939,-1.5490417,9.770737
4233612979,4.4220886,-1.632843,9.718063
4238648380,4.4364624,-1.6927032,9.62709
4243683780,4.4172974,-1.7573395,9.521744
4248719181,4.3430786,-1.8363495,9.402023
4253785099,4.2305603,-1.9297333,9.260773
4258820499,4.1252136,-2.0614014,9.085999
4263855899,4.0342255,-2.149994,8.9279785
4268891300,3.9552155,-2.1523895,8.911224
4273926700,3.9624023,-2.0350647,9.078812
4278962101,4.0581665,-1.8243866,9.287109
4284028019,4.1754913,-1.5873566,9.481033
4289063419,4.2712555,-1.3742676,9.624695
4294098819,4.304779,-1.2425842,9.7061
4299134220,4.292801,-1.1564026,9.708481
4304169620,4.2305603,-1.1348572,9.662994
4309235538,4.1611176,-1.1396332,9.598358
4314270938,4.09169,-1.1755524,9.536102
4319306339,4.0462036,-1.201889,9.50737
4324341739,4.01268,-1.2521667,9.459488
4329377140,3.9935303,-1.2713165,9.399643
4334412540,3.9552155,-1.3072357,9.361328
4339478458,3.9504395,-1.312027,9.337387
4344513858,3.9552155,-1.2354126,9.325409
4349549259,3.9384613,-1.1420288,9.284714
4354584659,3.9312744,-1.0773926,9.150635
4359620060,3.8570557,-1.0319061,9.006989
4364685978,3.7852325,-1.0007782,8.887283
4369721378,3.6894684,-1.0031738,8.817841
4374756778,3.643982,-0.98402405,8.765167
4379792179,3.6343994,-0.9744415,8.688553
4384827579,3.624817,-1.0103607,8.69574
4389862979,3.6320038,-1.0869751,8.817841
4394928897,3.6559448,-1.1396332,8.901642
4399964298,3.6894684,-1.1587982,8.980652
4404999698,3.69664,-1.1156921,9.07402
4410035099,3.6822815,-1.0366821,9.107544
4415070499,3.643982,-0.96965027,9.093185
4420136417,3.5937042,-0.8714905,9.083603
4425171817,3.569748,-0.7541809,9.040512
4430207218,3.5553894,-0.667984,9.023743
4435242618,3.5529938,-0.67277527,8.997406
4440278019,3.5673676,-0.667984,8.99501
4445343936,3.545807,-0.6967163,8.980652
4450379337,3.541031,-0.77812195,8.987839
4455414737,3.5529938,-0.89064026,9.026138
4460450138,3.5673676,-1.0151367,9.117126
4465485538,3.5984802,-1.1827393,9.198517
4470520938,3.643982,-1.3982086,9.301468
4475586856,3.6942596,-1.5682068,9.382874
4480622257,3.7325592,-1.7046661,9.404419
4485657657,3.7493134,-1.7860718,9.404419
4490693058,3.751709,-1.8267822,9.404419
4495728458,3.7660828,-1.8387451,9.387665
4500794376,3.8139648,-1.7980499,9.327805
4505829776,3.837906,-1.7310028,9.265564
4510865177,3.8594513,-1.6615753,9.200912
4515900577,3.8594513,-1.6065063,9.131485
4520935978,3.873825,-1.5394745,9.078812
4525971378,3.873825,-1.493988,9.045288
4531037296,3.885788,-1.4844055,9.050079
4536072696,3.8929749,-1.4844055,9.097961
4541108097,3.8953705,-1.4891968,9.129089
4546143497,3.902542,-1.5466614,9.162613
4551178897,3.8905792,-1.6352386,9.222458
4556244815,3.8762054,-1.7142487,9.31105
4561280216,3.8881836,-1.790863,9.382874
4566315616,3.909729,-1.8435364,9.423584
4571351017,3.9241028,-1.8794556,9.457092
4576386417,3.9432526,-1.8986053,9.435547
4581452335,3.9312744,-1.8602905,9.399643
4586487735,3.9384613,-1.7884674,9.3302
4591523136,3.9217072,-1.6759338,9.246414
4596558536,3.9145203,-1.5131378,9.155426
4601593936,3.902542,-1.3455353,9.078812
4606659854,3.873825,-1.1875305,9.050079
4611695255,3.8403015,-1.0702057,9.057266
4616730655,3.7924194,-0.99838257,9.07402
4621766056,2.6360168,-0.5530548,4.364624
4626801456,4.146759,-1.4868011,11.626251
4631836856,4.639969,-1.5346832,12.737152
4636902774,4.438843,-0.73262024,9.354141
4641938175,3.6559448,-0.7661438,8.169022
4646973575,3.1220398,-1.2689209,8.422806
4652008976,3.0286713,-1.5993195,9.179367
4657044376,3.229782,-1.6663666,9.701309
4662110294,3.5242615,-1.572998,9.62709
4667145694,3.69664,-1.4173737,9.361328
4672181095,3.7421417,-1.3335724,9.229645
4677216495,3.7325592,-1.3215942,9.325409
4682251895,3.6870728,-1.3479309,9.418793
4687317813,3.667923,-1.3191986,9.476257
4692353214,3.6798859,-1.2737122,9.481033
4697388614,3.7062225,-1.2856903,9.490616
4702424015,3.7373505,-1.3263855,9.526535
4707459415,3.7541046,-1.4029999,9.598358
4712494815,3.7852325,-1.493988,9.648636
4717560733,3.8283234,-1.5825653,9.677368
4722596134,3.885788,-1.6400299,9.667786
4727631534,3.9001617,-1.6591797,9.655823
4732666935,3.909729,-1.6663666,9.641449
4737702335,3.8953705,-1.6424255,9.552872
4742768253,3.8762054,-1.6208801,9.473862
4747803653,3.8235474,-1.5753784,9.452316
4752839054,3.7876282,-1.5394745,9.430756
4757874454,3.7612915,-1.5083466,9.418793
4762909854,3.7732544,-1.4676514,9.418793
4767975772,3.782837,-1.4532776,9.416397
4773011173,3.799591,-1.493988,9.368515
4778046573,3.806778,-1.529892,9.332596
4783081974,3.8139648,-1.5586243,9.332596
4788117374,3.8211517,-1.572998,9.3302
4793152774,3.8283234,-1.5490417,9.339783
4798218692,3.8043823,-1.5801697,9.361328
4803254093,3.7876282,-1.6160889,9.394852
4808289493,3.770874,-1.663971,9.404419
4813324894,3.770874,-1.6591797,9.387665
4818360294,3.7636871,-1.6041107,9.382874
4823426212,3.7612915,-1.553833,9.380478
4828461612,3.746933,-1.5155334,9.368515
4833497013,3.7134094,-1.474823,9.291901
4838532413,3.6774902,-1.4532776,9.186554
4843567813,3.6415863,-1.4484863,9.160217
4848633731,3.6176453,-1.4197693,9.186554
4853669132,3.6176453,-1.4245453,9.217682
4858704532,3.6272125,-1.4245453,9.2200775
4863739933,3.6415863,-1.4484863,9.253586
4868775333,3.6415863,-1.4891968,9.263168
4873810733,3.6272125,-1.5442657,9.275131
4878876651,3.6008759,-1.6017151,9.263168
4883912052,3.605667,-1.6065063,9.284714
4888947452,3.6080627,-1.5897522,9.306259
4893982853,3.605667,-1.5706024,9.31105
4899018253,3.6152496,-1.5322876,9.258377
4904084171,3.6080627,-1.5131378,9.174576
4909119571,3.605667,-1.4915924,9.124298
4914154972,3.605667,-1.4652557,9.131485
4919190372,3.6535492,-1.4341278,9.17218
4924225772,3.6798859,-1.4197693,9.193741
4929261173,3.6990356,-1.4484863,9.227249
4934327091,3.7062225,-1.5251007,9.253586
4939362491,3.715805,-1.5897522,9.258377
4944397892,3.715805,-1.6376343,9.246414
4949433292,3.7014313,-1.6376343,9.241623
4954468692,3.6655273,-1.608902,9.25119
4959534610,3.6391907,-1.572998,9.265564
4964570011,3.6008759,-1.577774,9.272751
4969605411,3.5841217,-1.5610199,9.255981
4974640811,3.5745392,-1.5466614,9.284714
4979676212,3.581726,-1.5274963,9.294296
4984742130,3.588913,-1.5131378,9.315842
4989777530,3.612854,-1.5322876,9.325409
4994812931,3.6152496,-1.5753784,9.370911
4999848331,3.6415863,-1.6280518,9.399643
5004883731,3.660736,-1.6735535,9.392456
5009949649,3.6750946,-1.6783295,9.394852
5014985050,3.6990356,-1.6735535,9.382874
5020020450,3.7253723,-1.6663666,9.361328
5025055851,3.7229767,-1.6687622,9.325409
5030091251,3.0023346,-0.4692688,3.423706
5035126651,4.158722,-1.5059509,11.238388
5040192569,4.7022095,-1.8052216,11.963821
5045227970,4.5872955,-0.7757263,8.178589
5050263370,3.830719,-1.256958,8.1019745
5055298770,3.5170898,-2.1571808,9.054871
5060334171,3.5386353,-2.3654785,9.713272
5065400089,3.4428558,-2.2816772,9.792282
5070435489,3.3470917,-2.1835175,9.550476
5075470890,3.2920227,-2.0350647,9.416397
5080506290,3.4093475,-1.7525482,9.1458435
5085541690,3.667923,-1.5274963,8.7556
5090607608,3.9145203,-1.3766632,8.779541
5095643009,4.0821075,-1.256958,9.059662
5100678409,4.1012726,-1.0941467,9.1458435
5105713810,3.9217072,-0.9313507,9.006989
5110749210,3.624817,-0.8738861,8.856155
5115815128,3.3901825,-0.95529175,8.851364
5120850528,3.3231506,-1.122879,8.973465
5125885929,3.4261017,-1.312027,9.148239
5130921329,3.612854,-1.5131378,9.325409
5135956729,3.830719,-1.6472168,9.466675
5141022647,4.0390167,-1.7166443,9.5169525
5146058048,4.1371765,-1.7166443,9.504974
5151093448,4.122818,-1.6735535,9.430756
5156128849,4.0342255,-1.6041107,9.332596
5161164249,3.9217072,-1.4796143,9.174576
5166199649,3.8403015,-1.3647003,8.99501
5171265567,3.8043823,-1.201889,8.832214
5176300968,3.8450928,-1.0869751,8.693344
5181336368,3.9145203,-1.0079651,8.607162
5186371769,4.055771,-0.9911957,8.559265
5191407169,4.220978,-1.019928,8.547302
5196473087,4.4172974,-1.1372528,8.532928
5201508487,4.6303864,-1.2617493,8.501816
5206543888,4.82193,-1.359909,8.408432
5211579288,4.9823303,-1.4604645,8.288727
5216614688,5.0852814,-1.572998,8.159439
5221680606,5.130768,-1.7190399,8.058884
5226716007,5.183441,-1.9201508,7.970291
5231751407,5.3103333,-2.082962,7.843399
5236786808,5.4803314,-2.1763306,7.716507
5241822208,5.597641,-2.2337952,7.5010376
5246888126,5.6551056,-2.3128052,7.1921844
5251923526,5.616791,-2.3894196,6.8881226
5256958927,5.556946,-2.4085693,6.617569
5261994327,5.5138397,-2.3750458,6.4140625
5267029728,5.482727,-2.2840729,6.282379
5272065128,5.4611816,-2.1691437,6.222534
5277131046,5.477936,-2.0302887,6.2560425
5282166446,5.5114594,-1.9536743,6.241684
5287201847,5.5473633,-1.9177551,6.2129517
5292237247,5.590454,-1.9345093,6.1961975
5297272647,5.5928497,-2.0374603,6.241684
5302308048,5.6144104,-2.2912445,6.344635
5307373966,5.724533,-2.5953217,6.4691315
5312409366,5.961563,-2.9233246,6.624756
5317444767,6.2368927,-3.2992096,6.81868
5322480167,6.5289917,-3.6343994,7.1538696
5327515567,6.813904,-3.9049377,7.510605
5332581485,7.05571,-4.130005,7.802704
5337616886,7.2089386,-4.3335114,7.934387
5342652286,7.1921844,-4.5489807,7.8769226
5347687686,7.0628967,-4.7955933,7.6901703
5352723087,6.8689575,-4.9823303,7.3621674
5357758487,6.624756,-5.0780945,6.8258667
5362824405,6.30394,-5.1092224,6.169861
5367859806,5.8634033,-5.1595,5.482727
5372895206,5.3630066,-5.2744293,4.8123474
5377930606,4.7931976,-5.4898987,4.165909
5382966007,4.1970367,-5.803543,3.5194702
5388031925,3.5601807,-6.1602783,3.0214844
5393067325,2.913742,-6.5289917,3.1220398
5398102726,2.4301147,-6.756439,3.9815521
5403138126,2.2002716,-6.758835,5.561737
5408173526,2.2002716,-6.5481415,7.553711
5413208927,2.3391418,-6.2608337,9.550476
5418274845,2.5282745,-6.033386,11.118668
5423310245,2.6455994,-5.8322754,12.009323
5428345645,2.4732056,-5.7293243,12.504913
5433381046,2.0231018,-5.693405,12.911926
5438416446,1.4029999,-5.604828,13.249512
5443482364,0.73262024,-5.41568,13.412323
5448517765,0.07661438,-5.125992,13.34288
5453553165,-0.4812317,-4.7812195,13.026855
5458588565,-0.98402405,-4.378998,12.442673
5463623966,-1.3479309,-3.9384613,11.784256
5468689884,-1.6017151,-3.4955292,11.051636
5473725284,-1.6903076,-3.1411896,10.309433
5478760685,-1.6615753,-2.9951477,9.64624
5483796085,-1.5035553,-3.1914673,8.963898
5488831485,-1.280899,-3.727768,8.398865
5493866886,-1.0390778,-4.4364624,8.159439
5498932804,-0.78289795,-4.984726,8.324646
5503968204,-0.5506592,-5.2169647,8.798691
5509003604,-0.30885315,-5.173874,9.318237
5514039005,-0.0143585205,-5.0828857,9.591171
5519074405,0.25138855,-5.094864,9.607925
5524140323,0.4405365,-5.2600555,9.536102
5529175724,0.61531067,-5.4922943,9.48822
5534211124,0.9026184,-5.621582,9.418793
5539246524,1.2952576,-5.5162354,9.179367
5544281925,1.6496124,-5.3294983,8.7939
5549347843,1.8339539,-5.1930237,8.3797
5554383243,1.8842316,-5.099655,7.929596
5559418644,1.8148041,-5.099655,7.4459686
5564454044,1.632843,-5.240906,6.9982452
5569489444,1.367096,-5.4731445,6.7133484
5574524845,1.1492157,-5.724533,6.7181244
5579590763,1.0965424,-5.9040985,7.053314
5584626163,1.2234344,-6.138733,7.6782074
5589661563,1.572998,-6.4691315,8.276749
5594696964,2.0422516,-6.9000854,8.736435
5599732364,2.4923706,-7.2831573,9.088394
5604767765,2.8562775,-7.570465,9.404419
5609833683,3.0765533,-7.7883453,9.727646
5614869083,3.1795044,-8.078033,10.00058
5619904483,3.1890717,-8.365341,10.014954
5624939884,3.0741577,-8.61673,9.787491
5629975284,2.8562775,-8.904037,9.402023
5635041202,2.5187073,-9.265564,8.937561
5640076603,2.2194214,-9.56723,8.556885
5645112003,1.9369049,-9.751587,8.429977
5650147403,1.766922,-9.84256,8.372528
5655182804,1.7262268,-9.797073,8.240845
5660218204,1.7525482,-9.481033,8.214508
5665284122,1.8938141,-8.942337,8.348587
5670319522,2.1356354,-8.219299,8.655045
5675354923,2.4253235,-7.3621674,8.803482
5680390323,2.6575623,-6.497864,8.667007
5685425724,2.7724915,-5.664688,8.319855
5690491642,2.817978,-4.855438,8.00621
5695527042,2.7605133,-4.103668,7.7093353
5700562442,2.7293854,-3.3423004,7.455551
5705597843,2.7413635,-2.6671448,7.2017517
5710633243,2.7150269,-2.1284485,6.952759
5715699161,2.6336212,-1.8148041,6.6870117
5720734561,2.5163116,-1.790863,6.30394
5725769962,2.4540558,-1.9895782,5.9831085
5730805362,2.4516602,-2.3965912,5.875366
5735840763,2.5474243,-3.0502167,6.06691
5740876163,2.6503754,-4.036621,6.6151733
5745942081,2.8203735,-5.178665,7.2807617
5750977481,3.1196442,-6.1818237,7.970291
5756012882,3.4715881,-6.9000854,8.681381
5761048282,3.770874,-7.376541,9.284714
5766083683,4.005493,-7.5489197,9.610321
5771149601,4.098877,-7.4890594,9.694122
5776185001,4.0462036,-7.261612,9.543289
5781220401,3.885788,-6.8641815,9.100357
5786255802,3.6822815,-6.246475,8.777145
5791291202,3.541031,-5.4803314,8.437164
5796357120,3.3973694,-4.888962,8.12114
5801392520,3.3255463,-4.5513763,7.539337
5806427921,3.1004944,-4.6543274,7.5273743
5811463321,2.8275452,-4.984726,8.063675
5816498722,2.7940369,-5.0541534,8.271973
5821534122,2.980774,-4.9583893,8.511383
5826600040,3.229782,-4.912903,8.947128
5831635440,3.4596252,-4.802765,9.361328
5836670841,3.624817,-4.6710815,9.569626
5841706241,3.69664,-4.594467,9.545685
5846741642,3.7253723,-4.4604034,9.368515
5851807560,3.7182007,-4.244919,9.200912
5856842960,3.6559448,-3.9935303,9.07402
5861878360,3.6008759,-3.7588959,8.966293
5866913761,3.6391907,-3.6200256,8.61673
5871949161,3.7445374,-3.6391907,8.288727
5877015079,3.909729,-3.5362396,8.425201
5882050479,4.0821075,-3.3111877,8.779541
5887085880,4.285614,-3.3854065,8.935165
5892121280,4.4484253,-3.7804413,8.956711
5897156681,4.6231995,-4.2784424,8.975861
5902222599,4.7955933,-4.730942,8.894455
5907257999,4.9224854,-5.1092224,8.683777
5912293399,4.936844,-5.4324493,8.504211
5917328800,4.862625,-5.762848,8.45871
5922364200,4.771637,-5.932831,8.516174
5927399601,4.728546,-5.920868,8.726868
5932465519,4.7261505,-5.9160767,8.731659
5937500919,4.826706,-6.040573,8.32225
5942536319,4.910507,-5.9160767,8.28154
5947571720,4.8602295,-5.578491,8.475479
5952607120,4.6854553,-5.307953,8.303085
5957673038,4.402939,-5.118805,7.8721313
5962708438,4.1060486,-5.0661316,7.5489197
5967743839,3.8929749,-4.9152985,7.486664
5972779239,3.8043823,-4.6591187,7.5848236
5977814640,3.782837,-4.4125214,7.6351166
5982850040,3.818756,-4.237732,7.6590576
5987915958,3.8690338,-4.1180267,7.4770966
5992951358,3.93367,-4.0653534,7.005432
5997986759,3.85466,-4.084503,6.5289917
6003022159,3.6870728,-4.108444,6.4619446
6008057560,3.605667,-4.0485992,6.64151
6013123478,3.6631317,-4.0581665,6.7157288
6018158878,3.8139648,-4.194641,6.782776
6023194278,4.0821075,-4.4292755,7.1203613
6028229679,4.3909607,-4.625595,7.4459686
6033265079,4.644745,-4.807556,7.613556
6038330997,4.759674,-5.039795,7.6159515
6043366397,4.74292,-5.23851,7.60878
6048401798,4.6710815,-5.2959747,7.711731
6053437198,4.5489807,-5.300766,7.814682
6058472599,4.431671,-5.3055573,7.7979126
6063538517,4.3574524,-5.3294983,7.704544
6068573917,4.340683,-5.276825,7.6590576
6073609317,4.3502655,-5.0924683,7.711731
6078644718,4.3813934,-4.9248657,7.6710205
6083680118,4.364624,-4.7405243,7.656662
6088746036,4.3071747,-4.6950226,7.728485
